name,text
banghoi,Bang Hội Ngày: 28-04-17 Ngàn vạn hùng anh khắp chốn giang hồ hầu hết chỉ đột phá và xuất chúng nhất không quá ngũ hào kiệt có thể trở thành Độc Cô Cầu Bại hoặc Cao Nhân Độc Hành  tất cả trước khi trở thành những kỳ nhân dị sĩ đều cần có sự tương trợ lẫn nhau từ bằng hữu kết giao tứ phường hội tụ tại Bang Hội. Khởi lập Bang Hội đồng nghĩa tại nơi đây tình huynh đệ được thắt chặt  chí hướng cùng về một phía và hơn hết cùng đồng lòng dựng xây cơ đồ bá nghiệp mà phát dương quang đại khắp chốn. Vạn sự ắt thành công! Ngoài ra khi thế lực Bang Hội được lập  đồng nghĩa các hoạt động cùng các ưu đãi đặc biệt sẽ được mở ra cho tất cả các thành viên. Khám phá ngay những đặc quyền dành riêng cho Bang Hội ngay thôi! Webgame Võ Lâm Truyền Kỳ Nhấp biểu tượng Nhiệm Vụ (hoặc phím G) > Chọn các mục của Bang Hội Lập (tạo) BangGia Nhập BangTính Năng Bang Lập (tạo) Bang Hội Điều tiên quyết khi nhân sĩ muốn trở thành Bang Chủ để khởi tạo Bang Hội cần đạt đẳng cấp 40 và các điều kiện theo yêu cầu  tùy theo mục đích và hướng phát triển riêng  các Bang Chủ sẽ định hướng cho Bang Hội mình thông qua các đặc quyền tương ứng! Đối tượng: Tất cả nhân sĩ đạt cấp 40 trở lên. Điều kiện tạo Bang: Bang cấp 1: Cần 100 Nguyên Bảo Khóa. Bang cấp 2: Cần 188 Nguyên Bảo. Đủ các điều kiện yêu cầu > nhập tên Bang > nhấp Tạo Bang. Webgame Võ Lâm Truyền Kỳ Webgame Võ Lâm Truyền Kỳ Đủ điều kiện có thể Nhập Tên Bang & Tạo Bang Webgame Võ Lâm Truyền Kỳ Thân mời quý nhân sĩ theo dõi các nội dung gợi ý quan trọng bên dưới để việc bôn tẩu Webgame Võ Lâm Truyền Kỳ trở nên trọn vẹn nhất: Hướng dẫn nạp Thẻ Nhận ngay Code khủng! Nhân vật nào hợp với nhân sĩ? Chuỗi hoạt động bôn tẩu giang hồ Loạn chiến các tính năng rực lửa! Chuỗi sự kiện khai mở máy chủ mới Tham gia luận đàm võ công Webgame Võ Lâm Truyền Kỳ tại đây! Các thắc mắc liên quan đến Webgame Võ Lâm Truyền Kỳ  quý nhân sĩ vui lòng liên hệ kênh hotro.zing.vn hoặc tổng đài 1900 561 558 để được hỗ trợ nhanh nhất! 
caibang,"Cái Bang Ngày: 09-05-17 Danh xưng Thiên Hạ Đệ Nhất Bang không phải tự nhiên mà có  chính là thanh danh vang dội của môn phái Cái Bang. Bốn bể Đông - Tây - Nam - Bắc  bất cứ nơi nào có ăn xin chắc chắn nơi đó Cái Bang. Đệ tử Cái Bang sở hữu tinh thần quật cường và nhân số đông đảo nên đệ tử môn phái theo thời gian càng tăng số lượng  chiếm một vị trí đáng kể trong võ lâm Trung Nguyên. Những đệ tử trong bang thương yêu giúp đỡ nhau  chia sẻ mọi thứ  tạo nên một khối thống nhất luôn theo phò Chính nghĩa - ""đại cuộc vì uy danh bản môn"". Danh tiếng trên Giang hồ của Cái Bang từ đó càng lừng lẫy trải qua hàng trăm năm  nhân tài Ngọa hổ tàng long  thời nào cũng có. Cái Bang tuyệt học chính là “Giáng Long Thập Bát Chưởng"" và ""Đả Cẩu Bổng"". Tuy nhiên  riêng về nhánh ""Đả Cẩu Bổng"" gần như là võ công căn cốt của Cái Bang  bởi trên bước đường hành tẩu  đệ tử khắp chốn luôn sở hữu trường bổng bên mình đồng hành với tuyệt kỹ ""Thiên Hạ Vô Cẩu"" bình định thiên hạ! Webgame Võ Lâm Truyền Kỳ Ưu điểm môn phái: Chính xác  chí mạng cao  tốc độ đánh cao & tấn công tầm xa. Vũ khí nhập môn: Chấp Bát Côn. Webgame Võ Lâm Truyền Kỳ Hệ thống kỹ năng: Hình ảnh	Ghi chú Webgame Võ Lâm Truyền Kỳ Khu Xà Côn Liên tục tấn công mục tiêu đơn  lần 1 gây sát thương ngoại công  lần 2 gây sát thương ngoại công  đồng thời gây thêm cho 2 mục tiêu sát thương tiễn xa. Webgame Võ Lâm Truyền Kỳ Du Long Côn	Tấn công 6 mục tiêu trong phạm vi lớn  lần 1 gây sát thương ngoại công  lần 2 gây sát thương ngoại công. Webgame Võ Lâm Truyền Kỳ Bá Vương Tạ Giáp	Tấn công mục tiêu gây sát thương ngoại công và có  xác suất giảm phòng thủ của mục tiêu  duy trì 4 giây. Webgame Võ Lâm Truyền Kỳ Thâu Thiên Hoán Nhật	Lao nhanh đến mục tiêu gây sát thương ngoại công. Webgame Võ Lâm Truyền Kỳ Đả Cẩu Côn Pháp	Tấn công mục tiêu gây sát thương ngoại công và khiến mục tiêu không thể di chuyển  tấn công giảm  duy trì 2 giây. Webgame Võ Lâm Truyền Kỳ Diệu Thủ Quyết	Tăng chí mạng  duy trì 10 phút. Webgame Võ Lâm Truyền Kỳ Tiêu Dao Du	Tăng chính xác  bản thân chịu ảnh hưởng hiệu quả giảm tốc  duy trì 30 giây. Webgame Võ Lâm Truyền Kỳ Thiên Hành Khí Công	Tăng sinh lực và né tránh. Webgame Võ Lâm Truyền Kỳ Thiên Hạ Vô Cẩu	Tuyệt học Cái Bang  gây sát thương cháy nổ trong phạm vi lớn. Gây cho 50 mục tiêu sát thương ngoại công  vô hiệu với nhân sĩ khác. Minh họa các kỹ năng tấn công chủ động: Webgame Võ Lâm Truyền Kỳ Khu Xà Côn Webgame Võ Lâm Truyền Kỳ Du Long Côn Webgame Võ Lâm Truyền Kỳ Bá Vương Tạ Giáp Webgame Võ Lâm Truyền Kỳ Thâu Thiên Hoán Nhật Webgame Võ Lâm Truyền Kỳ Đả Cẩu Côn Pháp Webgame Võ Lâm Truyền Kỳ Diệu Thủ Quyết   Webgame Võ Lâm Truyền Kỳ Thân mời quý nhân sĩ theo dõi các nội dung gợi ý quan trọng bên dưới để việc bôn tẩu Webgame Võ Lâm Truyền Kỳ trở nên trọn vẹn nhất: Hướng dẫn nạp Thẻ Nhận ngay Code khủng! Nhân vật nào hợp với nhân sĩ? Chuỗi hoạt động bôn tẩu giang hồ Loạn chiến các tính năng rực lửa! Chuỗi sự kiện khai mở máy chủ mới Tham gia luận đàm võ công Webgame Võ Lâm Truyền Kỳ tại đây! Các thắc mắc liên quan đến Webgame Võ Lâm Truyền Kỳ  quý nhân sĩ vui lòng liên hệ kênh hotro.zing.vn hoặc tổng đài 1900 561 558 để được hỗ trợ nhanh nhất! "
chisonhanvat,"Chỉ Số Nhân Vật Ngày: 27-04-17 Với các chỉ số tùy biến khác nhau của nhân vật như: Sức Mạnh  Nội Công  Gân Cốt  Thân Pháp & Linh Hoạt  Tấn Công  Phòng Thủ  Sinh Lực ... sẽ giúp nhân vật của quý nhân sĩ trở thành những trường phái khác nhau. Ví như cùng là đệ tử Thiếu Lâm Phái nhưng chư vị sở hữu Sức Mạnh cao hơn sẽ xuất chiêu vô cùng mạnh mẽ  nếu chuyên về Linh Hoạt hoặc Thân Pháp sẽ giúp nhân vật hoạt bát và xuất chiêu nhanh hơn bao giờ hết! Webgame Võ Lâm Truyền Kỳ Nhấp biểu tượng Nhân Vật (hoặc phím C) > Chọn các mục tương ứng Tiềm Năng Trường phái tăng Điểm Tiềm Năng nào sẽ là sự lựa chọn của chư vị? Khi hanh thông được các huyết mạch tiềm năng trên người sẽ giúp võ công tăng biến vạn phần  thiên biến vạn hóa đến xoay chuyển càng khôn! Webgame Võ Lâm Truyền Kỳ Thăng cấp sẽ nhận được số điểm tiềm năng tương ứng với cấp độ (khác nhau tại mỗi cấp). Tùy thuộc môn phái và các chỉ số sẽ tăng Lực Chiến khác nhau. Có thể sử dụng chức năng ""Tự Động"" để tăng điểm (ở giai đoạn đầu) & có thể tùy chọn trường phái phân phối tiềm năng hợp lý cho riêng mình. Nội Công Sự đột phá trong võ học ngoài Tiềm Năng vốn được định hình tùy theo môn phái  còn phụ thuộc không ít vào chỉ số Nội Công của bản thân. Cứ mỗi sự quyết định luyện nội công theo hướng: Tấn Công  Phòng Thủ hoặc Sinh Lực sẽ quyết định bản sắc riêng của nhân vật! Webgame Võ Lâm Truyền Kỳ Hạ quái chênh lệch với cấp nhân vật không quá 10 sẽ tăng điểm Kinh Nghiệm Nội Công. Điểm Kinh Nghiệm Nội Công đầy nhận ngay Điểm Nội Công (Tối đa 50 điểm/1ngày). Dùng Điểm Nội Công hoặc Nội Công Đơn tùy chọn tăng các chỉ số Nội Công. Chỉ số Nội Công đạt giới hạn: Dùng Đột Phá Quyết mở giới hạn mới (có xóa chúc phúc). Ghi chú: Mở thẻ Hoàng Kim để tăng giới hạn nhận được Điểm Nội Công hàng ngày. Webgame Võ Lâm Truyền Kỳ Nội Đơn Tương truyền trong khắp chốn giang hồ: Mỗi căn nguyên của bậc kỳ tài võ học đều có sự chi phối của Nội Đơn. Khi Nội Đơn được kích hoạt đồng nghĩa với việc luyện võ công trở nên dễ dàng hơn bao giờ hết  bởi huyết mạch được hanh thông gần như toàn phần. Webgame Võ Lâm Truyền Kỳ Hạ quái tại Tần Lăng sẽ nhận được Nội Đơn. Dùng Nội Đơn để tăng thuộc tính nhân vật. Có thể dùng các Nội Đơn cấp thấp để nâng cấp lên cao hơn. Mỗi loại Nội Đơn được dùng tối đa 20 lần/ngày (cấp càng cao dùng được nhiều hơn). Webgame Võ Lâm Truyền Kỳ Thân mời quý nhân sĩ theo dõi các nội dung gợi ý quan trọng bên dưới để việc bôn tẩu Webgame Võ Lâm Truyền Kỳ trở nên trọn vẹn nhất: Hướng dẫn nạp Thẻ Nhận ngay Code khủng! Nhân vật nào hợp với nhân sĩ? Chuỗi hoạt động bôn tẩu giang hồ Loạn chiến các tính năng rực lửa! Chuỗi sự kiện khai mở máy chủ mới Tham gia luận đàm võ công Webgame Võ Lâm Truyền Kỳ tại đây! Các thắc mắc liên quan đến Webgame Võ Lâm Truyền Kỳ  quý nhân sĩ vui lòng liên hệ kênh hotro.zing.vn hoặc tổng đài 1900 561 558 để được hỗ trợ nhanh nhất! "
data,"name text banghoi Bang Hội Ngày: 28-04-17 Ngàn vạn hùng anh khắp chốn giang hồ hầu hết chỉ đột phá và xuất chúng nhất không quá ngũ hào kiệt có thể trở thành Độc Cô Cầu Bại hoặc Cao Nhân Độc Hành  tất cả trước khi trở thành những kỳ nhân dị sĩ đều cần có sự tương trợ lẫn nhau từ bằng hữu kết giao tứ phường hội tụ tại Bang Hội. Khởi lập Bang Hội đồng nghĩa tại nơi đây tình huynh đệ được thắt chặt  chí hướng cùng về một phía và hơn hết cùng đồng lòng dựng xây cơ đồ bá nghiệp mà phát dương quang đại khắp chốn. Vạn sự ắt thành công! Ngoài ra khi thế lực Bang Hội được lập  đồng nghĩa các hoạt động cùng các ưu đãi đặc biệt sẽ được mở ra cho tất cả các thành viên. Khám phá ngay những đặc quyền dành riêng cho Bang Hội ngay thôi! Webgame Võ Lâm Truyền Kỳ Nhấp biểu tượng Nhiệm Vụ (hoặc phím G) > Chọn các mục của Bang Hội Lập (tạo) BangGia Nhập BangTính Năng Bang Lập (tạo) Bang Hội Điều tiên quyết khi nhân sĩ muốn trở thành Bang Chủ để khởi tạo Bang Hội cần đạt đẳng cấp 40 và các điều kiện theo yêu cầu  tùy theo mục đích và hướng phát triển riêng  các Bang Chủ sẽ định hướng cho Bang Hội mình thông qua các đặc quyền tương ứng! Đối tượng: Tất cả nhân sĩ đạt cấp 40 trở lên. Điều kiện tạo Bang: Bang cấp 1: Cần 100 Nguyên Bảo Khóa. Bang cấp 2: Cần 188 Nguyên Bảo. Đủ các điều kiện yêu cầu > nhập tên Bang > nhấp Tạo Bang. Webgame Võ Lâm Truyền Kỳ Webgame Võ Lâm Truyền Kỳ Đủ điều kiện có thể Nhập Tên Bang & Tạo Bang Webgame Võ Lâm Truyền Kỳ Thân mời quý nhân sĩ theo dõi các nội dung gợi ý quan trọng bên dưới để việc bôn tẩu Webgame Võ Lâm Truyền Kỳ trở nên trọn vẹn nhất: Hướng dẫn nạp Thẻ Nhận ngay Code khủng! Nhân vật nào hợp với nhân sĩ? Chuỗi hoạt động bôn tẩu giang hồ Loạn chiến các tính năng rực lửa! Chuỗi sự kiện khai mở máy chủ mới Tham gia luận đàm võ công Webgame Võ Lâm Truyền Kỳ tại đây! Các thắc mắc liên quan đến Webgame Võ Lâm Truyền Kỳ  quý nhân sĩ vui lòng liên hệ kênh hotro.zing.vn hoặc tổng đài 1900 561 558 để được hỗ trợ nhanh nhất!  caibang Cái Bang Ngày: 09-05-17 Danh xưng Thiên Hạ Đệ Nhất Bang không phải tự nhiên mà có  chính là thanh danh vang dội của môn phái Cái Bang. Bốn bể Đông - Tây - Nam - Bắc  bất cứ nơi nào có ăn xin chắc chắn nơi đó Cái Bang. Đệ tử Cái Bang sở hữu tinh thần quật cường và nhân số đông đảo nên đệ tử môn phái theo thời gian càng tăng số lượng  chiếm một vị trí đáng kể trong võ lâm Trung Nguyên. Những đệ tử trong bang thương yêu giúp đỡ nhau  chia sẻ mọi thứ  tạo nên một khối thống nhất luôn theo phò Chính nghĩa - ""đại cuộc vì uy danh bản môn"". Danh tiếng trên Giang hồ của Cái Bang từ đó càng lừng lẫy trải qua hàng trăm năm  nhân tài Ngọa hổ tàng long  thời nào cũng có. Cái Bang tuyệt học chính là “Giáng Long Thập Bát Chưởng"" và ""Đả Cẩu Bổng"". Tuy nhiên  riêng về nhánh ""Đả Cẩu Bổng"" gần như là võ công căn cốt của Cái Bang  bởi trên bước đường hành tẩu  đệ tử khắp chốn luôn sở hữu trường bổng bên mình đồng hành với tuyệt kỹ ""Thiên Hạ Vô Cẩu"" bình định thiên hạ! Webgame Võ Lâm Truyền Kỳ Ưu điểm môn phái: Chính xác  chí mạng cao  tốc độ đánh cao & tấn công tầm xa. Vũ khí nhập môn: Chấp Bát Côn. Webgame Võ Lâm Truyền Kỳ Hệ thống kỹ năng: Hình ảnh	Ghi chú Webgame Võ Lâm Truyền Kỳ Khu Xà Côn Liên tục tấn công mục tiêu đơn  lần 1 gây sát thương ngoại công  lần 2 gây sát thương ngoại công  đồng thời gây thêm cho 2 mục tiêu sát thương tiễn xa. Webgame Võ Lâm Truyền Kỳ Du Long Côn	Tấn công 6 mục tiêu trong phạm vi lớn  lần 1 gây sát thương ngoại công  lần 2 gây sát thương ngoại công. Webgame Võ Lâm Truyền Kỳ Bá Vương Tạ Giáp	Tấn công mục tiêu gây sát thương ngoại công và có  xác suất giảm phòng thủ của mục tiêu  duy trì 4 giây. Webgame Võ Lâm Truyền Kỳ Thâu Thiên Hoán Nhật	Lao nhanh đến mục tiêu gây sát thương ngoại công. Webgame Võ Lâm Truyền Kỳ Đả Cẩu Côn Pháp	Tấn công mục tiêu gây sát thương ngoại công và khiến mục tiêu không thể di chuyển  tấn công giảm  duy trì 2 giây. Webgame Võ Lâm Truyền Kỳ Diệu Thủ Quyết	Tăng chí mạng  duy trì 10 phút. Webgame Võ Lâm Truyền Kỳ Tiêu Dao Du	Tăng chính xác  bản thân chịu ảnh hưởng hiệu quả giảm tốc  duy trì 30 giây. Webgame Võ Lâm Truyền Kỳ Thiên Hành Khí Công	Tăng sinh lực và né tránh. Webgame Võ Lâm Truyền Kỳ Thiên Hạ Vô Cẩu	Tuyệt học Cái Bang  gây sát thương cháy nổ trong phạm vi lớn. Gây cho 50 mục tiêu sát thương ngoại công  vô hiệu với nhân sĩ khác. Minh họa các kỹ năng tấn công chủ động: Webgame Võ Lâm Truyền Kỳ Khu Xà Côn Webgame Võ Lâm Truyền Kỳ Du Long Côn Webgame Võ Lâm Truyền Kỳ Bá Vương Tạ Giáp Webgame Võ Lâm Truyền Kỳ Thâu Thiên Hoán Nhật Webgame Võ Lâm Truyền Kỳ Đả Cẩu Côn Pháp Webgame Võ Lâm Truyền Kỳ Diệu Thủ Quyết   Webgame Võ Lâm Truyền Kỳ Thân mời quý nhân sĩ theo dõi các nội dung gợi ý quan trọng bên dưới để việc bôn tẩu Webgame Võ Lâm Truyền Kỳ trở nên trọn vẹn nhất: Hướng dẫn nạp Thẻ Nhận ngay Code khủng! Nhân vật nào hợp với nhân sĩ? Chuỗi hoạt động bôn tẩu giang hồ Loạn chiến các tính năng rực lửa! Chuỗi sự kiện khai mở máy chủ mới Tham gia luận đàm võ công Webgame Võ Lâm Truyền Kỳ tại đây! Các thắc mắc liên quan đến Webgame Võ Lâm Truyền Kỳ  quý nhân sĩ vui lòng liên hệ kênh hotro.zing.vn hoặc tổng đài 1900 561 558 để được hỗ trợ nhanh nhất!  chisonhanvat Chỉ Số Nhân Vật Ngày: 27-04-17 Với các chỉ số tùy biến khác nhau của nhân vật như: Sức Mạnh  Nội Công  Gân Cốt  Thân Pháp & Linh Hoạt  Tấn Công  Phòng Thủ  Sinh Lực ... sẽ giúp nhân vật của quý nhân sĩ trở thành những trường phái khác nhau. Ví như cùng là đệ tử Thiếu Lâm Phái nhưng chư vị sở hữu Sức Mạnh cao hơn sẽ xuất chiêu vô cùng mạnh mẽ  nếu chuyên về Linh Hoạt hoặc Thân Pháp sẽ giúp nhân vật hoạt bát và xuất chiêu nhanh hơn bao giờ hết! Webgame Võ Lâm Truyền Kỳ Nhấp biểu tượng Nhân Vật (hoặc phím C) > Chọn các mục tương ứng Tiềm Năng Trường phái tăng Điểm Tiềm Năng nào sẽ là sự lựa chọn của chư vị? Khi hanh thông được các huyết mạch tiềm năng trên người sẽ giúp võ công tăng biến vạn phần  thiên biến vạn hóa đến xoay chuyển càng khôn! Webgame Võ Lâm Truyền Kỳ Thăng cấp sẽ nhận được số điểm tiềm năng tương ứng với cấp độ (khác nhau tại mỗi cấp). Tùy thuộc môn phái và các chỉ số sẽ tăng Lực Chiến khác nhau. Có thể sử dụng chức năng ""Tự Động"" để tăng điểm (ở giai đoạn đầu) & có thể tùy chọn trường phái phân phối tiềm năng hợp lý cho riêng mình. Nội Công Sự đột phá trong võ học ngoài Tiềm Năng vốn được định hình tùy theo môn phái  còn phụ thu�"
giothieu,Siêu phẩm Webgame Võ Lâm Truyền Kỳ - Sơn Hà Xã Tắc giữ nguyên bản sắc của thể loại võ hiệp  phát triển trên nền tảng chính từ Võ Lâm Truyền Kỳ  xoay quanh các cuộc chiến bất phân thắng bại giữa các đại phái trong toàn cõi võ lâm về tấm “Bản đồ Sơn Hà Xã Tắc”. Quan trọng nhất là vào thời kỳ thịnh Đường  bỗng đâu lan truyền về một thành cổ ngàn năm ẩn tận rừng sâu đang lưu dấu những tuyệt kỹ võ học – tấm Bản đồ Sơn Hà Xã Tắc độc nhất vô nhị trong trời đất. Nếu bất kỳ ai trong giang hồ mà tìm được và lĩnh hội đủ bí kiếp đó sẽ trở thành độc bá thiên hạ  không ai sánh kịp. Webgame Võ Lâm Truyền Kỳ Tưởng chừng dễ dàng tiếp cận được thành cổ  nhưng không xương trắng chất cao như núi  máu đổ thành sông ngay ngoài cửa thành  ranh giới giữa sự sống và cái chết rất mong manh  bởi ai ai cũng muốn đoạt được bí kiếp đó nên cuộc sinh sát lẫn nhau vô cùng tàn nhẫn và khốc liệt. Điều độc lạ và bí hiểm chính là cánh cổng thành cổ chỉ mở ra lúc nửa đêm. Ai vượt qua được những trận đồ bí mật trước cửa thành thì mới có thể thâm nhập vào bên trong. Được biết  chưa ai có thể chạm chân đến cổng thành…Bởi một điều  cần phải có sự hợp lực của tập thể bang hội dũng mãnh  đa mưu túc trí phối hợp ăn ý và nhịp nhàng thì sẽ khai phá được mật huyệt  khi đó thành cổ sẽ rộng cánh mở ra… Webgame Võ Lâm Truyền Kỳ Một khi bước vào thì sẽ liên tiếp có những cuộc tàn sát kinh thiên động địa để đến với nơi cất giữ tấm Bản đồ Sơn Hà Xã Tắc. Chặng đường dành cho những cao thủ võ lâm khai mở nhãn quan với võ học thượng thừa từ đây mới chính thức bắt đầu. Liệu ai trong hàng hàng lớp lớp cao thủ võ lâm sẽ làm nên đại nghiệp  thống lĩnh giang hồ  độc bá thiên hạ? Truyền nhân của Võ Đang Phái? Thiếu Lâm hay Cái Bang cùng 2 đại phái bí ẩn sẽ trở thành những người danh bất hư truyền vì lập nên những kỳ tích chưa từng ai vượt qua được làm rạng danh môn phái? Tất cả đều do chư vị quyết định! Trận chiến đã chính thức bắt đầu! Webgame Võ Lâm Truyền Kỳ  Webgame Võ Lâm Truyền Kỳ   Thân mời quý nhân sĩ theo dõi các nội dung gợi ý quan trọng bên dưới để việc bôn tẩu Webgame Võ Lâm Truyền Kỳ trở nên trọn vẹn nhất: Hướng dẫn nạp Thẻ Nhận ngay Code khủng! Nhân vật nào hợp với nhân sĩ? Chuỗi hoạt động bôn tẩu giang hồ Loạn chiến các tính năng rực lửa! Chuỗi sự kiện khai mở máy chủ mới Tham gia luận đàm võ công Webgame Võ Lâm Truyền Kỳ tại đây! Các thắc mắc liên quan đến Webgame Võ Lâm Truyền Kỳ  quý nhân sĩ vui lòng liên hệ kênh hotro.zing.vn hoặc tổng đài 1900 561 558 để được hỗ trợ nhanh nhất! 
hethongphucloi,Hệ thống Phúc Lợi Ngày: 27-04-17 Bước chân vào thế giới Webgame Võ Lâm Truyền Kỳ - Sơn Hà Xã Tắc  quý nhân sĩ ngoài việc tự do tung hoành khắp tứ phương  kết giao bằng hữu  tu luyện võ công ... chư vị còn được hỗ trợ chu toàn bởi Hệ Thống Phúc Lợi với vô số phần thưởng giá trị từ việc: Điểm Danh Nhận Thưởng  Nhận Quà Online  Tài Nguyên  Uỷ Thác ... Webgame Võ Lâm Truyền Kỳ Nhấp biểu tượng Phúc Lợi để mở hệ thống tương ứng Điểm Danh Nhận Thưởng Điểm danh 01 lần/ngày (dùng Nguyên Bảo có thể điểm danh thêm 1 lần). Webgame Võ Lâm Truyền Kỳ Nhấp Điểm Danh Ngày Đạt các mốc 2  5  10  17  26 ngày nhận thêm Rương quà đặc biệt (tạo mới mỗi tháng). Webgame Võ Lâm Truyền Kỳ Nhận Quà Online Giới hạn nhận: 06 lần/ngày. Mỗi ngày online đạt mốc thời gian quy định lập tức nhận thưởng tương ứng. Webgame Võ Lâm Truyền Kỳ Nhấp Quà Online Nhận Lại Tài Nguyên Khi không thể tham gia đủ tất cả hoạt động trong ngày  nhân sĩ có thể nhận lại tài nguyên và vật phẩm thưởng vào ngày hôm sau theo 2 hình thức: Dùng Bạc: Nhận 1 phần tài nguyên từ các hoạt động bỏ lỡ của ngày trước. Dùng Nguyên Bảo: Nhận 100% tài nguyên từ các hoạt động bỏ lỡ của ngày trước. Lưu ý: Tài nguyên không cộng dồn (cần nhận mỗi ngày). Webgame Võ Lâm Truyền Kỳ Nhấp Nhận Lại Tài Nguyên Uỷ Thác Rời Mạng Giới hạn tích lũy: Tối đa 12 tiếng/ngày. Hệ thống sẽ tự tích lũy kinh nghiệm (EXP) mỗi ngày  đăng nhập lại nhận EXP theo thời gian đã tích lũy. Ngoài ra có thể nhận thêm EXP khi: Cấp Kiếm Hiệp 2 trở lên: EXP nhận được gấp đôi (x2). Mở thẻ Hoàng Kim: EXP nhận được gấp ba (x3). Webgame Võ Lâm Truyền Kỳ Nhấp Uỷ Thác Rời Mạng Nhập CODE Khi may mắn sở hữu được các loại CODE từ các kênh: Lưu Danh  Fanpage  360Game ... nhân sĩ hãy nhanh chóng nhập như sau: Webgame Võ Lâm Truyền Kỳ Nhấp Đổi CODE Webgame Võ Lâm Truyền Kỳ Thân mời quý nhân sĩ theo dõi các nội dung gợi ý quan trọng bên dưới để việc bôn tẩu Webgame Võ Lâm Truyền Kỳ trở nên trọn vẹn nhất: Hướng dẫn nạp Thẻ Nhận ngay Code khủng! Nhân vật nào hợp với nhân sĩ? Chuỗi hoạt động bôn tẩu giang hồ Loạn chiến các tính năng rực lửa! Chuỗi sự kiện khai mở máy chủ mới Tham gia luận đàm võ công Webgame Võ Lâm Truyền Kỳ tại đây! Các thắc mắc liên quan đến Webgame Võ Lâm Truyền Kỳ  quý nhân sĩ vui lòng liên hệ kênh hotro.zing.vn hoặc tổng đài 1900 561 558 để được hỗ trợ nhanh nhất! 
hiepnghia,"Hiệp Nghĩa Ngày: 28-04-17 Nếu đặt mục tiêu trở thành cao nhân với thanh danh ngút trời trong quá trình bôn tẩu giang hồ  quý nhân sĩ hãy tìm ngay đến bảng cáo thị Giang Hồ Hiệp Nghĩa để thị uy khả năng của bản thân. Một khi hoàn thành được các nhiệm vụ trên cáo thị  thanh danh của chư vị từ đó sẽ thăng tiến vạn phần! Webgame Võ Lâm Truyền Kỳ Nhấp biểu tượng Giang Hồ Hiệp Nghĩa Thời gian mở: Mỗi ngày. Điều kiện: Đẳng cấp 50 trở lên. Hướng dẫn chi tiết: Nhấp ""Mục Tiêu Hiệp Nghĩa"" để hoàn thành nhận điểm & tăng cấp Hiệp Nghĩa. Điểm Hiệp nghĩa: Nhận từ Hạ đối thủ  Truy nã  Đấu Đội  Lôi Đài ... Bậc Hiệp nghĩa càng cao sẽ tăng thuộc tính& lực chiến cho Nhân Vật (tối đa 25 bậc). Tăng cấp bậc Hiệp Nghĩa sẽ nhận hỗ trợ đặc biệt: Cộng Sinh Lực  hiệu ứng ... Webgame Võ Lâm Truyền Kỳ Giao diện Hiệp Nghĩa   Webgame Võ Lâm Truyền Kỳ Thân mời quý nhân sĩ theo dõi các nội dung gợi ý quan trọng bên dưới để việc bôn tẩu Webgame Võ Lâm Truyền Kỳ trở nên trọn vẹn nhất: Hướng dẫn nạp Thẻ Nhận ngay Code khủng! Nhân vật nào hợp với nhân sĩ? Chuỗi hoạt động bôn tẩu giang hồ Loạn chiến các tính năng rực lửa! Chuỗi sự kiện khai mở máy chủ mới Tham gia luận đàm võ công Webgame Võ Lâm Truyền Kỳ tại đây! Các thắc mắc liên quan đến Webgame Võ Lâm Truyền Kỳ  quý nhân sĩ vui lòng liên hệ kênh hotro.zing.vn hoặc tổng đài 1900 561 558 để được hỗ trợ nhanh nhất! "
khieuchien,Khiêu Chiến Ngày: 28-04-17 Phiêu bạc khắp chốn giang hồ  chỉ có Khiêu Chiến mới mang lại kinh nghiệm nghênh chiến và có dịp thi triễn võ công đã luyện thành trong suốt quá trình bôn tẩu của quý nhân sĩ. Đẳng cấp của chư vị trên giang hồ càng cao  chắc chắn sẽ chạm trán những trận Khiêu Chiến rúng động càng lớn & dĩ nhiên phần thưởng sẽ càng cao và vô cùng xứng đáng với chư vị! Webgame Võ Lâm Truyền Kỳ Nhấp biểu tượng Khiêu Chiến > Tùy cấp độ sẽ mở các hình thức khác nhau Thái Nhất ThápThiên Âm GiáoLương Sơn Hội Thái Nhất Tháp Thái Nhất Tháp vốn là cổ tháp được dựng xây từ rất lâu  huyền tháp luôn u ám quanh năm. Chưa ai trả lời được cổ tháp có tổng cộng bao nhiêu tầng  bởi nhìn bề ngoài hơn thập tầng nhưng bên trong được thiết lập vô số cơ quan phòng & các cạm bẫy. Nơi vào dễ ra khó  hãy cẩn thận! Thời gian mở: Mỗi ngày. Điều kiện: Đẳng cấp 42 trở lên. Hướng dẫn chi tiết: Mỗi tầng tháp đều có 1 cao nhân/ác nhân trấn giữ. Hạ cao/ác nhân tại các tầng & nhận thưởng (ải càng cao thưởng càng nhiều). Cách 6 tầng khi hoàn thành sẽ nhận được Danh Hiệu tương ứng. Webgame Võ Lâm Truyền Kỳ Giao diện Thái Nhất Tháp Webgame Võ Lâm Truyền Kỳ Thân mời quý nhân sĩ theo dõi các nội dung gợi ý quan trọng bên dưới để việc bôn tẩu Webgame Võ Lâm Truyền Kỳ trở nên trọn vẹn nhất: Hướng dẫn nạp Thẻ Nhận ngay Code khủng! Nhân vật nào hợp với nhân sĩ? Chuỗi hoạt động bôn tẩu giang hồ Loạn chiến các tính năng rực lửa! Chuỗi sự kiện khai mở máy chủ mới Tham gia luận đàm võ công Webgame Võ Lâm Truyền Kỳ tại đây! Các thắc mắc liên quan đến Webgame Võ Lâm Truyền Kỳ  quý nhân sĩ vui lòng liên hệ kênh hotro.zing.vn hoặc tổng đài 1900 561 558 để được hỗ trợ nhanh nhất! 
kynang,"Kỹ Năng Ngày: 28-04-17 Dù là danh môn chính phái hay tà đạo ngoại lai  đã là môn đệ của hệ phái mình theo đồng nghĩa với việc quý nhân sĩ đã là những vị hào hiệp xuất chúng nhất của môn phái. Tùy thuộc mỗi môn phái chư vị tầm sư  sẽ có bộ Kỹ Năng Môn Phái & Thiên Phú Kỹ Năng riêng. Tùy biến các điểm số Kỹ Năng và Thiên Phú khác nhau sẽ hình thành những nhánh võ công riêng biệt cho cá nhân  công thủ hay toàn vẹn là do chư vị quyết định. Am hiểm võ công bổn môn nhanh và sớm nhất sẽ giúp chư vị sớm thành bậc cao nhân phát dương quang đại môn phái! Webgame Võ Lâm Truyền Kỳ Nhấp biểu tượng Nhiệm Vụ (hoặc phím V) > Chọn Kỹ Năng hoặc Thiên Phú Kỹ NăngThiên Phú Kỹ Năng Môn Phái Thiếu Lâm  Võ Đang  Cái Bang ... đều có những tuyệt kỹ thượng thừa trấn phái. Khi nhân sĩ luyện thành công các tầng võ công  chắc chắn trấn phái sẽ được đã thông vạn phần. Mỗi loại kỹ năng mà chư vị luyện sẽ định hình ""bản sắc cá nhân"" riêng của mình! Sách Kỹ Năng có được thông qua nhiệm vụ Tân Thủ. Mỗi Phái sẽ có bộ kỹ năng cho riêng mình. Tương ứng với mỗi cấp độ của nhân vật & cấp kỹ năng đạt yêu cầu sẽ mở kỹ năng mới. Tùy biến các nhánh võ công khác nhau để phát huy hết hướng đi mong muốn. Webgame Võ Lâm Truyền Kỳ Giao diện Kỹ Năng Nhân Vật Webgame Võ Lâm Truyền Kỳ Thân mời quý nhân sĩ theo dõi các nội dung gợi ý quan trọng bên dưới để việc bôn tẩu Webgame Võ Lâm Truyền Kỳ trở nên trọn vẹn nhất: Hướng dẫn nạp Thẻ Nhận ngay Code khủng! Nhân vật nào hợp với nhân sĩ? Chuỗi hoạt động bôn tẩu giang hồ Loạn chiến các tính năng rực lửa! Chuỗi sự kiện khai mở máy chủ mới Tham gia luận đàm võ công Webgame Võ Lâm Truyền Kỳ tại đây! Các thắc mắc liên quan đến Webgame Võ Lâm Truyền Kỳ  quý nhân sĩ vui lòng liên hệ kênh hotro.zing.vn hoặc tổng đài 1900 561 558 để được hỗ trợ nhanh nhất! "
nhiemvuvolam,"Nhiệm Vụ Võ Lâm Ngày: 28-04-17 Bước chân vào chốn giang hồ võ hiệp  quý nhân sĩ khó lòng mà tránh khỏi những việc chính tà bất phân. Nhưng phàm là người phiêu bạc khắp chốn  há chi phải chùn bước trước những biến cố ập đến này? Tuy nhiên tại Webgame Võ Lâm Truyền Kỳ  chư vị sẽ không hề độc bước hay bỡ ngỡ vì trước khi chạm trán trước các khó khăn nêu trên chính bản thân đã được tôi luyện qua các nhiệm vụ: Tân Thủ  Dã Tẩu  Bang Hội  Sát Thủ ... làm hành trang ""cứng cáp"" hơn để đương đầu với bão giông phía trước! Webgame Võ Lâm Truyền Kỳ Nhấp biểu tượng Nhiệm Vụ (hoặc phím L) > Chọn các nhiệm vụ tương ứng Tân ThủDã TẩuBang HộiSát Thủ Nhiệm Vụ Tân Thủ Am hiểu vạn vật  nắm rõ quy luật phiêu bạc cũng như những ân oán khác nhau tại Webgame Võ Lâm Truyền Kỳ sẽ là hành trang quý giá nhất để chư vị bôn tẩu khắp chốn. Biết đâu sẽ có những bí mật chỉ riêng nhân sĩ giải mã được  từ đó mà xưng danh khắp chốn từ chuỗi nhiệm vụ Tân Thủ! Bước vào thế giới võ hiệp lập tức quý nhân sĩ sẽ nhận được nhiệm vụ Tân Thủ. Mỗi khi thăng cấp một nhiệm vụ mới sẽ được mở ra. Tùy vào các nhiệm vụ sẽ trao thưởng giá trị hỗ trợ cực tốt cho quá trình bôn tấu. Mẹo: Đừng bỏ qua bất cứ nhiệm vụ nào! Webgame Võ Lâm Truyền Kỳ Giao diện nhiệm vụ Tân Thủ Webgame Võ Lâm Truyền Kỳ Thân mời quý nhân sĩ theo dõi các nội dung gợi ý quan trọng bên dưới để việc bôn tẩu Webgame Võ Lâm Truyền Kỳ trở nên trọn vẹn nhất: Hướng dẫn nạp Thẻ Nhận ngay Code khủng! Nhân vật nào hợp với nhân sĩ? Chuỗi hoạt động bôn tẩu giang hồ Loạn chiến các tính năng rực lửa! Chuỗi sự kiện khai mở máy chủ mới Tham gia luận đàm võ công Webgame Võ Lâm Truyền Kỳ tại đây! Các thắc mắc liên quan đến Webgame Võ Lâm Truyền Kỳ  quý nhân sĩ vui lòng liên hệ kênh hotro.zing.vn hoặc tổng đài 1900 561 558 để được hỗ trợ nhanh nhất! "
sonhaxatac,Sơn Hà Xã Tắc Ngày: 28-04-17 Tương truyền mảnh bản đồ Sơn Hà Xã Tắc ẩn chưa vô số huyền cơ bên trong vốn đã thất truyền bấy lâu nay đột nhiên xuất hiện. Ngàn vạn đạo quân  đệ tử các phái lao vào cuộc tranh đoạt huyền đồ để mong là người khám phá được bí mật bên trong! Giang hồ lại một phen dậy sóng... Webgame Võ Lâm Truyền Kỳ Nhấp biểu tượng Sơn Hà Xã Tắc Thời gian mở: Mỗi ngày. Điều kiện: Đẳng cấp 53 trở lên. Hướng dẫn chi tiết: Sơn Hà Xã Tắc chưa đựng các thông tin về Thần Khí hỗ trợ nhân vật chu toàn nhất. Các thuộc tính được hỗ trợ: Phòng ngự  né tránh  chính xác  giảm hiệu ứng ... Hoàn thành khám phá mảnh bản đồ nhận: Thanh Giang Kiếm  Tam Quân Hổ Phù  Ngọc Tỉ & Sơn Hà Xã Tắc! Mỗi thần khí có cách nhận khác nhau như: Đăng nhập liên tục 7 ngày  Lực Chiến Thần Khí đạt điều kiện yêu cầu ... Webgame Võ Lâm Truyền Kỳ Giao diện Sơn Hà Xã Tắc   Webgame Võ Lâm Truyền Kỳ Thân mời quý nhân sĩ theo dõi các nội dung gợi ý quan trọng bên dưới để việc bôn tẩu Webgame Võ Lâm Truyền Kỳ trở nên trọn vẹn nhất: Hướng dẫn nạp Thẻ Nhận ngay Code khủng! Nhân vật nào hợp với nhân sĩ? Chuỗi hoạt động bôn tẩu giang hồ Loạn chiến các tính năng rực lửa! Chuỗi sự kiện khai mở máy chủ mới Tham gia luận đàm võ công Webgame Võ Lâm Truyền Kỳ tại đây! Các thắc mắc liên quan đến Webgame Võ Lâm Truyền Kỳ  quý nhân sĩ vui lòng liên hệ kênh hotro.zing.vn hoặc tổng đài 1900 561 558 để được hỗ trợ nhanh nhất! 
tangbac,"Tăng Bậc Ngày: 28-04-17 Trong webgame Võ Lâm Truyền Kỳ  ngoài việc thăng cấp kỹ năng  tiềm năng & đặc thù vũ khí. Trên bước đường hành hiệp của mình  quý nhân sĩ còn có thể hiệu triệu thêm các đặc cụ riêng hỗ trợ quá trình bôn tẩu của mình. Mỗi khi Tăng Bậc các đặc cụ riêng sẽ hỗ trợ sức mạnh cho chư vị đạt đến mức thượng thừa  dễ bề chinh chiến tứ phương. Webgame Võ Lâm Truyền Kỳ Nhấp biểu tượng Trợ > Chọn các mục của Trợ Đặc CụCăn Cốt & Lưỡng Nghi Đặc Cụ Tương Trợ Sở hữu một chiến mã  hay ngao du kết nghĩa với Hiệp Khách  hoặc: Minh Khí  Canh Khí  Thần Binh  Kỳ Bảo ... có được khi bôn tẩu giang hồ. Chư vị chính là hào kiệt may mắn nhất  bởi sở hữu chúng như được trợ thêm ""kiêng giáp"" bảo toàn sinh mạng! Các loại tương trợ: Thú Cưỡi  Hiệp Khách  Minh Khí  Canh Khí  Thần Binh  Kỳ Bảo. Chi tiết tương trợ: Có thể tăng bậc  kỹ năng & trang bị (cần thỏa điều kiện riêng từng loại). Có thể sử dụng chức năng Tự Mua & Tự Tăng Bậc cho các loại tương trợ. Kỹ năng nhận được từ tương trợ có thể sử dụng tham gia các tính năng. Webgame Võ Lâm Truyền Kỳ Webgame Võ Lâm Truyền Kỳ Thân mời quý nhân sĩ theo dõi các nội dung gợi ý quan trọng bên dưới để việc bôn tẩu Webgame Võ Lâm Truyền Kỳ trở nên trọn vẹn nhất: Hướng dẫn nạp Thẻ Nhận ngay Code khủng! Nhân vật nào hợp với nhân sĩ? Chuỗi hoạt động bôn tẩu giang hồ Loạn chiến các tính năng rực lửa! Chuỗi sự kiện khai mở máy chủ mới Tham gia luận đàm võ công Webgame Võ Lâm Truyền Kỳ tại đây! Các thắc mắc liên quan đến Webgame Võ Lâm Truyền Kỳ  quý nhân sĩ vui lòng liên hệ kênh hotro.zing.vn hoặc tổng đài 1900 561 558 để được hỗ trợ nhanh nhất! "
thienmenh,Thiên Mệnh Ngày: 28-04-17 Trong quá trình bôn tẩu giang hồ  hành hiệp trượng nghĩa. Khi quý nhân sĩ tham gia các hoạt động: Nhiệm vụ Dã Tẩu  Tăng Bậc  Bang Hội  Sát Thủ ... sẽ nhận ngay điểm Thiên Mệnh tương ứng. Với mỗi mốc điểm Thiên Mệnh sở hữu khác nhau chư vị sẽ nhận được các phần thưởng có giá trị tương ứng  hơn hết sẽ có những điều kỳ bí chờ nhân sĩ khám phá thêm đấy! Webgame Võ Lâm Truyền Kỳ Nhấp biểu tượng Thiên Mệnh Thời gian mở: Mỗi ngày. Điều kiện: Đẳng cấp 41 trở lên. Hướng dẫn chi tiết: Hoàn thành các nhiệm vụ: Dã Tấu  Tăng Bậc  Bang Hội ... nhận 1 - 10 điểm Thiên Mệnh. Cấp Thiên Mệnh càng cao sẽ tăng cao Thể Lực & Lực Chiến của nhân vật. Lên cấp Thiên Mệnh nhận ngay Hiệp Khách Đơn và Bạc ... tương ứng với số cấp. Webgame Võ Lâm Truyền Kỳ Giao diện Thiên Mệnh   Webgame Võ Lâm Truyền Kỳ Thân mời quý nhân sĩ theo dõi các nội dung gợi ý quan trọng bên dưới để việc bôn tẩu Webgame Võ Lâm Truyền Kỳ trở nên trọn vẹn nhất: Hướng dẫn nạp Thẻ Nhận ngay Code khủng! Nhân vật nào hợp với nhân sĩ? Chuỗi hoạt động bôn tẩu giang hồ Loạn chiến các tính năng rực lửa! Chuỗi sự kiện khai mở máy chủ mới Tham gia luận đàm võ công Webgame Võ Lâm Truyền Kỳ tại đây! Các thắc mắc liên quan đến Webgame Võ Lâm Truyền Kỳ  quý nhân sĩ vui lòng liên hệ kênh hotro.zing.vn hoặc tổng đài 1900 561 558 để được hỗ trợ nhanh nhất! 
thieulam,"Môn phái Thiếu Lâm tọa lạc tại núi Tung Sơn với toàn bộ đệ tử là nam nhân từ khi được khai sáng bởi Đạt Ma Sư Tổ đến từ Tây Trúc  đệ tử môn phái lấy phương châm ""hành hiệp trượng nghĩa"" làm kim chỉ nam. Quanh năm tụng kinh niệm Phật và luyện tập tại nơi thiên tự trên đỉnh núi  Ngôi chùa này cũng được thiên hạ tương truyền là đại diện cho ""Võ Lâm Chánh phái"". Đệ tử của Thiếu Lâm là nam nhân  phân làm hai loại: đệ tử xuất gia và đệ tử tục gia. Hầu hết tất cả đệ tử xuất gia đều xuống tóc tu hành tại thiên tự  không can thiệp việc giang hồ. Còn đệ tử tục gia thì tản lạc khắp nơi  hành hiệp trượng nghĩa. Cũng bởi đệ tử Thiếu Lâm người nào cũng có võ công cao cường với các tuyệt học chánh phái như: Đại Thừa Tâm Pháp  Như Lai Thần Chưởng ... đã làm rạng danh môn phái. Tiếng lành đồn xa  Thiếu Lâm Phái được khắp chốn giang hồ mệnh danh là Thiên Hạ Đệ Nhất môn phái tại Trung Nguyên! Webgame Võ Lâm Truyền Kỳ Ưu điểm môn phái: Công thủ cân bằng  sinh lực cao & tấn công cận chiến. Vũ khí nhập môn: Hành Giả Giới Đao. Webgame Võ Lâm Truyền Kỳ Hệ thống kỹ năng: Hình ảnh	Ghi chú Webgame Võ Lâm Truyền Kỳ Trảm Ma Đao Pháp Tấn công mục tiêu đơn lẻ gây sát thương ngoại công  gây thêm cho 2 mục tiêu sát thương tiễn xạ. Webgame Võ Lâm Truyền Kỳ Nhiên Mộc Đao Pháp	Tấn công 4 mục tiêu trong phạm vi phía trước  gây sát thương ngoại công. Webgame Võ Lâm Truyền Kỳ Phong Ma Đao Pháp	Tấn công 1 mục tiêu đơn lẻ gây sát thương ngoại công. Webgame Võ Lâm Truyền Kỳ Bất Động Vương Chú	Tấn công 6 mục tiêu xung quanh  lần 1 gây 110% sát thương ngoại công  lần 2 gây 75% sát thương ngoại công. Webgame Võ Lâm Truyền Kỳ Xả Thân Quyết	Lao đến tấn công mục tiêu gây sát thương ngoại công và gây Choáng 1 giây. Webgame Võ Lâm Truyền Kỳ Đấu Phật Chiến Pháp	Dùng xong cứ 2 giây gây cho 5 địch xung quanh sát thương tuyệt đối  duy trì 10 phút. Webgame Võ Lâm Truyền Kỳ Kim Chung Tráo	Giảm sát thương phải chịu  nội ngoại phòng thủ duy trì 4 giây. Webgame Võ Lâm Truyền Kỳ Đại Thừa Tâm Pháp	Tăng sinh lực và chính xác. Webgame Võ Lâm Truyền Kỳ Như Lai Thần Chưởng	Tuyệt học Thiếu Lâm  gây sát thương cháy nổ trong phạm vi lớn. Gây cho 50 mục tiêu sát thương ngoại công  vô hiệu với nhân sĩ khác. Minh họa các kỹ năng tấn công chủ động: Webgame Võ Lâm Truyền Kỳ Trảm Ma Đao Pháp Webgame Võ Lâm Truyền Kỳ Nhiên Mộc Đao Pháp Webgame Võ Lâm Truyền Kỳ Phong Ma Đao Pháp Webgame Võ Lâm Truyền Kỳ Bất Động Vương Chủ Webgame Võ Lâm Truyền Kỳ Xả Thân Quyết Webgame Võ Lâm Truyền Kỳ Đấu Phật Chiến Pháp   Webgame Võ Lâm Truyền Kỳ Thân mời quý nhân sĩ theo dõi các nội dung gợi ý quan trọng bên dưới để việc bôn tẩu Webgame Võ Lâm Truyền Kỳ trở nên trọn vẹn nhất: Hướng dẫn nạp Thẻ Nhận ngay Code khủng! Nhân vật nào hợp với nhân sĩ? Chuỗi hoạt động bôn tẩu giang hồ Loạn chiến các tính năng rực lửa! Chuỗi sự kiện khai mở máy chủ mới Tham gia luận đàm võ công Webgame Võ Lâm Truyền Kỳ tại đây! Các thắc mắc liên quan đến Webgame Võ Lâm Truyền Kỳ  quý nhân sĩ vui lòng liên hệ kênh hotro.zing.vn hoặc tổng đài 1900 561 558 để được hỗ trợ nhanh nhất! "
trangbi,"Trang Bị Ngày: 28-04-17 Chí hùng anh phiêu bạc giữa khắp chốn phù vân  không ít lần vào sinh ra tử  nghênh chiến và tỷ thí khắp nơi. Nếu độc hành tay không tấc sắc ắt sẽ bị hạ gục nhanh chóng trong các chiến trận! Tìm được cho mình các thần binh ưng ý chưa chắc đã phát huy hết tác dụng  đến ngay xưởng Rèn: Cường Hóa  Tinh Luyện  Khảm Đá  Dung Luyện  đặc biệt là Ngũ Hành để thăng cấp toàn vẹn thần binh của bản thân! Khi ""hổ đã mọc thêm cánh"" chẳng hung thần nào có thể cản bước! Webgame Võ Lâm Truyền Kỳ Nhấp biểu tượng Nhiệm Vụ (hoặc phím H) > Chọn các mục của Xưởng Rèn Cường HóaTinh LuyệnKhảm ĐáDung LuyệnNgũ Hành Cường Hóa Các thuộc tính của trang bị luôn cần phải Cường Hóa để kích hoạt các thuộc tính  mỗi trang bị sẽ mang lại sự hỗ trợ đặc biệt khác nhau cho nhân sĩ. Hơn hết khi tất cả trang bị trên người đều đạt cấp đồng nhất sẽ phát huy thuộc tính ẩn đột phá đặc biệt vô cùng! Webgame Võ Lâm Truyền Kỳ Mỗi trang bị gồm 15 cấp Cường Hóa  tại mỗi cấp sẽ cần nguyên liệu khác nhau: Cấp trang bị	Công thức 1 - 5	 Webgame Võ Lâm Truyền Kỳ Dùng Huyền Tinh (Sơ) thăng cấp. Có thể thất bại nhưng không giảm cấp cường hóa 6 - 10	 Webgame Võ Lâm Truyền Kỳ+Webgame Võ Lâm Truyền Kỳ Dùng Huyền Tinh (Trung) + Tu La Phổ thăng cấp. Có thể thất bại nhưng không giảm cấp cường hóa 11 - 15	 Webgame Võ Lâm Truyền Kỳ+Webgame Võ Lâm Truyền Kỳ Dùng Huyền Tinh (Cao) + Thần Binh Phổ thăng cấp. Có thể thất bại nhưng không giảm cấp cường hóa Khi tất cả trang bị đều đạt một cấp cường hóa nhất định sẽ được cộng thêm lực chiến theo Bộ Cường Hóa Thêm. Webgame Võ Lâm Truyền Kỳ Webgame Võ Lâm Truyền Kỳ Thân mời quý nhân sĩ theo dõi các nội dung gợi ý quan trọng bên dưới để việc bôn tẩu Webgame Võ Lâm Truyền Kỳ trở nên trọn vẹn nhất: Hướng dẫn nạp Thẻ Nhận ngay Code khủng! Nhân vật nào hợp với nhân sĩ? Chuỗi hoạt động bôn tẩu giang hồ Loạn chiến các tính năng rực lửa! Chuỗi sự kiện khai mở máy chủ mới Tham gia luận đàm võ công Webgame Võ Lâm Truyền Kỳ tại đây! Các thắc mắc liên quan đến Webgame Võ Lâm Truyền Kỳ  quý nhân sĩ vui lòng liên hệ kênh hotro.zing.vn hoặc tổng đài 1900 561 558 để được hỗ trợ nhanh nhất! "
vodang,"Võ Đang Ngày: 09-05-17 Thiên hạ vốn tương truyền ""Bắc tôn Thiếu Lâm  Nam sùng Võ Đang"" quả không sai. Nhắc đến Võ Đang phái không ai có thể nhắc sai vị trí nơi Tổng Đà môn phái tọa lạc tại đỉnh Thiên Trụ Phong cao 1.612m  sơn thế hùng vĩ với tổng cộng 72 ngọn núi! “Lạp Tháp Đạo nhân” Trương Tam Phong  có tên là Trương Toàn Nhất hay còn gọi là Trương Quân Bảo  “Tam Phong” là đạo hiệu là tổ sư đã sáng lập ra Võ Đang phái. Vị cao nhân này vốn xuất thân từ Thiếu Lâm Tự tinh thông ""Thập Bát Ban võ nghệ"" nhưng vì bất đồng tư tưởng võ học nên bị đuổi ra khỏi Thiếu Lâm Tự. Về sau khai sáng nên Võ Đang phái! ""Lấy võ đạo làm kim chỉ nam""  đồng môn với nhau luôn lấy nghĩa khí  đạo lý làm trọng. Thanh danh môn phái vang xa khắp chốn không hề kém cạnh Thiếu Lâm. Võ công trấn môn của Võ Đang là Thái Cực Thần Công khiến không ít cao thủ khắp chốn phái khiếp sợ. Chưa hết ngoài thần công võ đạo  chiến ý kiếm ý của các đệ tử Võ Đang đều dễ dàng đạt đến cảnh giới Nhân Kiếm Hợp Nhất xuất kiếm định giang sơn!     Webgame Võ Lâm Truyền Kỳ Ưu điểm môn phái: Tấn công thiên về nội công  khống chế & phản đòn đối phương. Vũ khí nhập môn: Thanh Tu Kiếm. Webgame Võ Lâm Truyền Kỳ Hệ thống kỹ năng: Hình ảnh	Ghi chú Webgame Võ Lâm Truyền Kỳ Lưu Quang Kiếm Pháp Tấn công 1 mục tiêu đơn lẻ gây sát thương nội công  gây thêm 2 mục tiêu sát thương tiễn xạ. Webgame Võ Lâm Truyền Kỳ Thái Thanh Kiếm Khí	Tấn công 4 mục tiêu trong phạm vi  gây sát thương nội công. Webgame Võ Lâm Truyền Kỳ Lạc Sương Kiếm Ý	Tấn công 1 mục tiêu đơn lẻ gây sát thương và có xác suất khiến kẻ địch giảm tốc  duy trì 3 giây. Webgame Võ Lâm Truyền Kỳ Thất Tiệt Kiếm	Tấn công 6 mục tiêu phía trước  chiêu 1 gây sát thương nội công  chiêu 2 gây sát thương nội công  chiêu 3 gây sát thương nội công. Webgame Võ Lâm Truyền Kỳ Vị Ương Kiếm Pháp	Tấn công 1 mục tiêu đơn lẻ gây sát thương nội công. Webgame Võ Lâm Truyền Kỳ Bôn Lôi Kiếm Quyết	Đánh lui 4 địch xung quanh và gây sát thương nội công. Webgame Võ Lâm Truyền Kỳ Vô Ngã Tâm Pháp	Phản đòn sát thương  duy trì 3 giây. Webgame Võ Lâm Truyền Kỳ Võ Đang Kiếm Kinh	Tăng sinh lực và chí mạng. Webgame Võ Lâm Truyền Kỳ Vô Thượng Thái Cực Kiếm Tuyệt học Võ Đang  gây sát thương cháy nổ trong phạm vi lớn. Gây cho 50 mục tiêu sát thương ngoại công  vô hiệu với nhân sĩ khác. Minh họa các kỹ năng tấn công chủ động: Webgame Võ Lâm Truyền Kỳ Lưu Quang Kiếm Pháp Webgame Võ Lâm Truyền Kỳ Thái Thanh Kiếm Khí Webgame Võ Lâm Truyền Kỳ Lạc Sương Kiếm Ý Webgame Võ Lâm Truyền Kỳ Thất Tiệt Kiếm Webgame Võ Lâm Truyền Kỳ Vị Ương Kiếm Pháp Webgame Võ Lâm Truyền Kỳ Bôn Lôi Kiếm Quyết   Webgame Võ Lâm Truyền Kỳ Thân mời quý nhân sĩ theo dõi các nội dung gợi ý quan trọng bên dưới để việc bôn tẩu Webgame Võ Lâm Truyền Kỳ trở nên trọn vẹn nhất: Hướng dẫn nạp Thẻ Nhận ngay Code khủng! Nhân vật nào hợp với nhân sĩ? Chuỗi hoạt động bôn tẩu giang hồ Loạn chiến các tính năng rực lửa! Chuỗi sự kiện khai mở máy chủ mới Tham gia luận đàm võ công Webgame Võ Lâm Truyền Kỳ tại đây! Các thắc mắc liên quan đến Webgame Võ Lâm Truyền Kỳ  quý nhân sĩ vui lòng liên hệ kênh hotro.zing.vn hoặc tổng đài 1900 561 558 để được hỗ trợ nhanh nhất! "
